1,2022-02-01 08:00:00
1,2022-02-02 08:00:00
1,2022-02-03 08:00:00
1,2022-02-04 08:00:00
1,2022-02-05 08:00:00
1,2022-02-06 08:00:00
1,2022-02-07 08:00:00
1,2022-02-08 08:00:00
1,2022-02-09 08:00:00
1,2022-02-10 08:00:00
1,2022-02-11 08:00:00
1,2022-02-12 08:00:00
1,2022-02-13 08:00:00
1,2022-02-14 08:00:00
1,2022-02-15 08:00:00
1,2022-02-16 08:00:00
1,2022-02-17 08:00:00
1,2022-02-18 08:00:00
1,2022-02-19 08:00:00
1,2022-02-20 08:00:00
1,2022-02-21 08:00:00
1,2022-02-22 08:00:00
1,2022-02-23 08:00:00
1,2022-02-24 08:00:00
1,2022-02-25 08:00:00
1,2022-02-26 08:00:00
1,2022-02-27 08:00:00
1,2022-02-28 08:00:00
2,2022-02-01 08:00:00
2,2022-02-02 08:00:00
2,2022-02-03 08:00:00
2,2022-02-04 08:00:00
2,2022-02-05 08:00:00
2,2022-02-06 08:00:00
2,2022-02-07 08:00:00
2,2022-02-08 08:00:00
2,2022-02-09 08:00:00
2,2022-02-10 08:00:00
2,2022-02-11 08:00:00
2,2022-02-12 08:00:00
2,2022-02-13 08:00:00
2,2022-02-14 08:00:00
2,2022-02-15 08:00:00
2,2022-02-16 08:00:00
2,2022-02-17 08:00:00
2,2022-02-18 08:00:00
2,2022-02-19 08:00:00
2,2022-02-20 08:00:00
2,2022-02-21 08:00:00
2,2022-02-22 08:00:00
2,2022-02-23 08:00:00
2,2022-02-24 08:00:00
2,2022-02-25 08:00:00
2,2022-02-26 08:00:00
2,2022-02-27 08:00:00
2,2022-02-28 08:00:00
3,2022-02-01 08:00:00
3,2022-02-02 08:00:00
3,2022-02-03 08:00:00
3,2022-02-04 08:00:00
3,2022-02-05 08:00:00
3,2022-02-06 08:00:00
3,2022-02-07 08:00:00
3,2022-02-08 08:00:00
3,2022-02-09 08:00:00
3,2022-02-10 08:00:00
3,2022-02-11 08:00:00
3,2022-02-12 08:00:00
3,2022-02-13 08:00:00
3,2022-02-14 08:00:00
3,2022-02-15 08:00:00
3,2022-02-16 08:00:00
3,2022-02-17 08:00:00
3,2022-02-18 08:00:00
3,2022-02-19 08:00:00
3,2022-02-20 08:00:00
3,2022-02-21 08:00:00
3,2022-02-22 08:00:00
3,2022-02-23 08:00:00
3,2022-02-24 08:00:00
3,2022-02-25 08:00:00
3,2022-02-26 08:00:00
3,2022-02-27 08:00:00
3,2022-02-28 08:00:00
4,2022-02-01 08:00:00
4,2022-02-02 08:00:00
4,2022-02-03 08:00:00
4,2022-02-04 08:00:00
4,2022-02-05 08:00:00
4,2022-02-06 08:00:00
4,2022-02-07 08:00:00
4,2022-02-08 08:00:00
4,2022-02-09 08:00:00
4,2022-02-10 08:00:00
4,2022-02-11 08:00:00
4,2022-02-12 08:00:00
4,2022-02-13 08:00:00
4,2022-02-14 08:00:00
4,2022-02-15 08:00:00
4,2022-02-16 08:00:00
4,2022-02-17 08:00:00
4,2022-02-18 08:00:00
4,2022-02-19 08:00:00
4,2022-02-20 08:00:00
4,2022-02-21 08:00:00
4,2022-02-22 08:00:00
4,2022-02-23 08:00:00
4,2022-02-24 08:00:00
4,2022-02-25 08:00:00
4,2022-02-26 08:00:00
4,2022-02-27 08:00:00
4,2022-02-28 08:00:00
5,2022-01-28 08:00:00
5,2022-02-01 08:00:00
5,2022-02-02 08:00:00
5,2022-02-03 08:00:00
5,2022-02-04 08:00:00
5,2022-02-05 08:00:00
5,2022-02-06 08:00:00
5,2022-02-07 08:00:00
5,2022-02-08 08:00:00
5,2022-02-09 08:00:00
5,2022-02-10 08:00:00
5,2022-02-11 08:00:00
5,2022-02-12 08:00:00
5,2022-02-13 08:00:00
5,2022-02-14 08:00:00
5,2022-02-15 08:00:00
5,2022-02-16 08:00:00
5,2022-02-17 08:00:00
5,2022-02-18 08:00:00
5,2022-02-19 08:00:00
5,2022-02-20 08:00:00
5,2022-02-21 08:00:00
5,2022-02-22 08:00:00
5,2022-02-23 08:00:00
5,2022-02-24 08:00:00
5,2022-02-25 08:00:00
5,2022-02-26 08:00:00
5,2022-02-27 08:00:00
5,2022-02-28 08:00:00
